{"sample_n":0,"sample_ms":0,"chameleon_lower":{"raw_a":881,"raw_b":835,"raw_average":858,"resistance":1923.077},"chameleon_upper":{"raw_a":941,"raw_b":685,"raw_average":813,"resistance":2583.026},"smt_upper":{"raw_temp":146,"raw_soil":64}}
{"sample_n":1,"sample_ms":1183,"chameleon_lower":{"raw_a":834,"raw_b":776,"raw_average":805,"resistance":2708.074},"chameleon_upper":{"raw_a":1023,"raw_b":540,"raw_average":781,"resistance":3098.592},"smt_upper":{"raw_temp":146,"raw_soil":64}}
{"sample_n":2,"sample_ms":2373,"chameleon_lower":{"raw_a":840,"raw_b":772,"raw_average":806,"resistance":2692.308},"chameleon_upper":{"raw_a":1023,"raw_b":532,"raw_average":777,"resistance":3166.023},"smt_upper":{"raw_temp":146,"raw_soil":64}}
{"sample_n":3,"sample_ms":3563,"chameleon_lower":{"raw_a":841,"raw_b":772,"raw_average":806,"resistance":2692.308},"chameleon_upper":{"raw_a":1023,"raw_b":530,"raw_average":776,"resistance":3182.99},"smt_upper":{"raw_temp":146,"raw_soil":64}}
{"sample_n":4,"sample_ms":4751,"chameleon_lower":{"raw_a":841,"raw_b":772,"raw_average":806,"resistance":2692.308},"chameleon_upper":{"raw_a":1023,"raw_b":530,"raw_average":776,"resistance":3182.99},"smt_upper":{"raw_temp":146,"raw_soil":63}}
{"sample_n":5,"sample_ms":5941,"chameleon_lower":{"raw_a":841,"raw_b":772,"raw_average":806,"resistance":2692.308},"chameleon_upper":{"raw_a":1023,"raw_b":529,"raw_average":776,"resistance":3182.99},"smt_upper":{"raw_temp":146,"raw_soil":63}}
{"sample_n":6,"sample_ms":7129,"chameleon_lower":{"raw_a":842,"raw_b":771,"raw_average":806,"resistance":2692.308},"chameleon_upper":{"raw_a":1023,"raw_b":529,"raw_average":776,"resistance":3182.99},"smt_upper":{"raw_temp":146,"raw_soil":64}}
{"sample_n":7,"sample_ms":8316,"chameleon_lower":{"raw_a":842,"raw_b":771,"raw_average":806,"resistance":2692.308},"chameleon_upper":{"raw_a":1023,"raw_b":529,"raw_average":776,"resistance":3182.99},"smt_upper":{"raw_temp":146,"raw_soil":64}}
{"sample_n":8,"sample_ms":9504,"chameleon_lower":{"raw_a":842,"raw_b":772,"raw_average":807,"resistance":2676.58},"chameleon_upper":{"raw_a":1023,"raw_b":529,"raw_average":776,"resistance":3182.99},"smt_upper":{"raw_temp":146,"raw_soil":63}}
{"sample_n":9,"sample_ms":10692,"chameleon_lower":{"raw_a":842,"raw_b":771,"raw_average":806,"resistance":2692.308},"chameleon_upper":{"raw_a":1023,"raw_b":529,"raw_average":776,"resistance":3182.99},"smt_upper":{"raw_temp":146,"raw_soil":63}}
{"sample_n":10,"sample_ms":11882,"chameleon_lower":{"raw_a":842,"raw_b":771,"raw_average":806,"resistance":2692.308},"chameleon_upper":{"raw_a":1023,"raw_b":529,"raw_average":776,"resistance":3182.99},"smt_upper":{"raw_temp":144,"raw_soil":63}}
{"sample_n":11,"sample_ms":13072,"chameleon_lower":{"raw_a":842,"raw_b":771,"raw_average":806,"resistance":2692.308},"chameleon_upper":{"raw_a":1023,"raw_b":529,"raw_average":776,"resistance":3182.99},"smt_upper":{"raw_temp":145,"raw_soil":64}}
{"sample_n":12,"sample_ms":14264,"chameleon_lower":{"raw_a":842,"raw_b":771,"raw_average":806,"resistance":2692.308},"chameleon_upper":{"raw_a":1023,"raw_b":529,"raw_average":776,"resistance":3182.99},"smt_upper":{"raw_temp":143,"raw_soil":63}}
{"sample_n":13,"sample_ms":15454,"chameleon_lower":{"raw_a":842,"raw_b":771,"raw_average":806,"resistance":2692.308},"chameleon_upper":{"raw_a":1023,"raw_b":529,"raw_average":776,"resistance":3182.99},"smt_upper":{"raw_temp":146,"raw_soil":63}}
{"sample_n":14,"sample_ms":16644,"chameleon_lower":{"raw_a":842,"raw_b":771,"raw_average":806,"resistance":2692.308},"chameleon_upper":{"raw_a":1023,"raw_b":529,"raw_average":776,"resistance":3182.99},"smt_upper":{"raw_temp":146,"raw_soil":63}}
{"sample_n":15,"sample_ms":17836,"chameleon_lower":{"raw_a":842,"raw_b":771,"raw_average":806,"resistance":2692.308},"chameleon_upper":{"raw_a":1023,"raw_b":529,"raw_average":776,"resistance":3182.99},"smt_upper":{"raw_temp":146,"raw_soil":64}}
{"sample_n":16,"sample_ms":19025,"chameleon_lower":{"raw_a":842,"raw_b":771,"raw_average":806,"resistance":2692.308},"chameleon_upper":{"raw_a":1023,"raw_b":529,"raw_average":776,"resistance":3182.99},"smt_upper":{"raw_temp":145,"raw_soil":64}}
{"sample_n":17,"sample_ms":20215,"chameleon_lower":{"raw_a":842,"raw_b":771,"raw_average":806,"resistance":2692.308},"chameleon_upper":{"raw_a":1023,"raw_b":529,"raw_average":776,"resistance":3182.99},"smt_upper":{"raw_temp":145,"raw_soil":64}}
{"sample_n":18,"sample_ms":21407,"chameleon_lower":{"raw_a":842,"raw_b":771,"raw_average":806,"resistance":2692.308},"chameleon_upper":{"raw_a":1023,"raw_b":529,"raw_average":776,"resistance":3182.99},"smt_upper":{"raw_temp":146,"raw_soil":63}}
{"sample_n":19,"sample_ms":22597,"chameleon_lower":{"raw_a":842,"raw_b":771,"raw_average":806,"resistance":2692.308},"chameleon_upper":{"raw_a":1023,"raw_b":529,"raw_average":776,"resistance":3182.99},"smt_upper":{"raw_temp":146,"raw_soil":63}}
{"sample_n":20,"sample_ms":23787,"chameleon_lower":{"raw_a":842,"raw_b":771,"raw_average":806,"resistance":2692.308},"chameleon_upper":{"raw_a":1023,"raw_b":528,"raw_average":775,"resistance":3200},"smt_upper":{"raw_temp":146,"raw_soil":63}}
{"sample_n":21,"sample_ms":24975,"chameleon_lower":{"raw_a":842,"raw_b":771,"raw_average":806,"resistance":2692.308},"chameleon_upper":{"raw_a":1023,"raw_b":528,"raw_average":775,"resistance":3200},"smt_upper":{"raw_temp":146,"raw_soil":64}}
{"sample_n":22,"sample_ms":26163,"chameleon_lower":{"raw_a":842,"raw_b":771,"raw_average":806,"resistance":2692.308},"chameleon_upper":{"raw_a":1023,"raw_b":528,"raw_average":775,"resistance":3200},"smt_upper":{"raw_temp":146,"raw_soil":64}}
{"sample_n":23,"sample_ms":27351,"chameleon_lower":{"raw_a":842,"raw_b":771,"raw_average":806,"resistance":2692.308},"chameleon_upper":{"raw_a":1023,"raw_b":528,"raw_average":775,"resistance":3200},"smt_upper":{"raw_temp":144,"raw_soil":63}}
{"sample_n":24,"sample_ms":28536,"chameleon_lower":{"raw_a":842,"raw_b":771,"raw_average":806,"resistance":2692.308},"chameleon_upper":{"raw_a":1023,"raw_b":528,"raw_average":775,"resistance":3200},"smt_upper":{"raw_temp":146,"raw_soil":63}}
{"sample_n":25,"sample_ms":29724,"chameleon_lower":{"raw_a":842,"raw_b":771,"raw_average":806,"resistance":2692.308},"chameleon_upper":{"raw_a":1023,"raw_b":528,"raw_average":775,"resistance":3200},"smt_upper":{"raw_temp":144,"raw_soil":62}}
{"sample_n":26,"sample_ms":30912,"chameleon_lower":{"raw_a":842,"raw_b":771,"raw_average":806,"resistance":2692.308},"chameleon_upper":{"raw_a":1023,"raw_b":528,"raw_average":775,"resistance":3200},"smt_upper":{"raw_temp":145,"raw_soil":63}}
{"sample_n":27,"sample_ms":32100,"chameleon_lower":{"raw_a":842,"raw_b":771,"raw_average":806,"resistance":2692.308},"chameleon_upper":{"raw_a":1023,"raw_b":528,"raw_average":775,"resistance":3200},"smt_upper":{"raw_temp":145,"raw_soil":63}}
{"sample_n":28,"sample_ms":33286,"chameleon_lower":{"raw_a":842,"raw_b":771,"raw_average":806,"resistance":2692.308},"chameleon_upper":{"raw_a":1023,"raw_b":528,"raw_average":775,"resistance":3200},"smt_upper":{"raw_temp":145,"raw_soil":64}}
{"sample_n":29,"sample_ms":34473,"chameleon_lower":{"raw_a":842,"raw_b":771,"raw_average":806,"resistance":2692.308},"chameleon_upper":{"raw_a":1023,"raw_b":528,"raw_average":775,"resistance":3200},"smt_upper":{"raw_temp":145,"raw_soil":64}}
{"sample_n":30,"sample_ms":35661,"chameleon_lower":{"raw_a":842,"raw_b":771,"raw_average":806,"resistance":2692.308},"chameleon_upper":{"raw_a":1023,"raw_b":528,"raw_average":775,"resistance":3200},"smt_upper":{"raw_temp":145,"raw_soil":64}}
{"sample_n":31,"sample_ms":36849,"chameleon_lower":{"raw_a":842,"raw_b":771,"raw_average":806,"resistance":2692.308},"chameleon_upper":{"raw_a":1023,"raw_b":528,"raw_average":775,"resistance":3200},"smt_upper":{"raw_temp":145,"raw_soil":64}}
{"sample_n":32,"sample_ms":38037,"chameleon_lower":{"raw_a":842,"raw_b":771,"raw_average":806,"resistance":2692.308},"chameleon_upper":{"raw_a":1023,"raw_b":528,"raw_average":775,"resistance":3200},"smt_upper":{"raw_temp":146,"raw_soil":64}}
{"sample_n":33,"sample_ms":39223,"chameleon_lower":{"raw_a":842,"raw_b":771,"raw_average":806,"resistance":2692.308},"chameleon_upper":{"raw_a":1023,"raw_b":528,"raw_average":775,"resistance":3200},"smt_upper":{"raw_temp":146,"raw_soil":64}}
{"sample_n":34,"sample_ms":40411,"chameleon_lower":{"raw_a":842,"raw_b":771,"raw_average":806,"resistance":2692.308},"chameleon_upper":{"raw_a":1023,"raw_b":528,"raw_average":775,"resistance":3200},"smt_upper":{"raw_temp":146,"raw_soil":64}}
{"sample_n":35,"sample_ms":41598,"chameleon_lower":{"raw_a":842,"raw_b":771,"raw_average":806,"resistance":2692.308},"chameleon_upper":{"raw_a":1023,"raw_b":528,"raw_average":775,"resistance":3200},"smt_upper":{"raw_temp":146,"raw_soil":64}}
{"sample_n":36,"sample_ms":42786,"chameleon_lower":{"raw_a":842,"raw_b":771,"raw_average":806,"resistance":2692.308},"chameleon_upper":{"raw_a":1023,"raw_b":528,"raw_average":775,"resistance":3200},"smt_upper":{"raw_temp":144,"raw_soil":64}}
{"sample_n":37,"sample_ms":43974,"chameleon_lower":{"raw_a":842,"raw_b":771,"raw_average":806,"resistance":2692.308},"chameleon_upper":{"raw_a":1023,"raw_b":528,"raw_average":775,"resistance":3200},"smt_upper":{"raw_temp":146,"raw_soil":64}}
{"sample_n":38,"sample_ms":45160,"chameleon_lower":{"raw_a":842,"raw_b":771,"raw_average":806,"resistance":2692.308},"chameleon_upper":{"raw_a":1023,"raw_b":528,"raw_average":775,"resistance":3200},"smt_upper":{"raw_temp":145,"raw_soil":64}}
{"sample_n":39,"sample_ms":46348,"chameleon_lower":{"raw_a":842,"raw_b":771,"raw_average":806,"resistance":2692.308},"chameleon_upper":{"raw_a":1023,"raw_b":528,"raw_average":775,"resistance":3200},"smt_upper":{"raw_temp":146,"raw_soil":64}}
{"sample_n":40,"sample_ms":47536,"chameleon_lower":{"raw_a":842,"raw_b":771,"raw_average":806,"resistance":2692.308},"chameleon_upper":{"raw_a":1023,"raw_b":528,"raw_average":775,"resistance":3200},"smt_upper":{"raw_temp":146,"raw_soil":64}}
{"sample_n":41,"sample_ms":48723,"chameleon_lower":{"raw_a":842,"raw_b":771,"raw_average":806,"resistance":2692.308},"chameleon_upper":{"raw_a":1023,"raw_b":528,"raw_average":775,"resistance":3200},"smt_upper":{"raw_temp":146,"raw_soil":63}}
{"sample_n":42,"sample_ms":49909,"chameleon_lower":{"raw_a":842,"raw_b":771,"raw_average":806,"resistance":2692.308},"chameleon_upper":{"raw_a":1023,"raw_b":528,"raw_average":775,"resistance":3200},"smt_upper":{"raw_temp":146,"raw_soil":63}}
{"sample_n":43,"sample_ms":51097,"chameleon_lower":{"raw_a":842,"raw_b":771,"raw_average":806,"resistance":2692.308},"chameleon_upper":{"raw_a":1023,"raw_b":528,"raw_average":775,"resistance":3200},"smt_upper":{"raw_temp":145,"raw_soil":64}}
{"sample_n":44,"sample_ms":52285,"chameleon_lower":{"raw_a":842,"raw_b":771,"raw_average":806,"resistance":2692.308},"chameleon_upper":{"raw_a":1023,"raw_b":528,"raw_average":775,"resistance":3200},"smt_upper":{"raw_temp":145,"raw_soil":64}}
{"sample_n":45,"sample_ms":53473,"chameleon_lower":{"raw_a":842,"raw_b":771,"raw_average":806,"resistance":2692.308},"chameleon_upper":{"raw_a":1023,"raw_b":528,"raw_average":775,"resistance":3200},"smt_upper":{"raw_temp":145,"raw_soil":63}}
{"sample_n":46,"sample_ms":54661,"chameleon_lower":{"raw_a":842,"raw_b":771,"raw_average":806,"resistance":2692.308},"chameleon_upper":{"raw_a":1023,"raw_b":528,"raw_average":775,"resistance":3200},"smt_upper":{"raw_temp":145,"raw_soil":63}}
{"sample_n":47,"sample_ms":55846,"chameleon_lower":{"raw_a":842,"raw_b":771,"raw_average":806,"resistance":2692.308},"chameleon_upper":{"raw_a":1023,"raw_b":528,"raw_average":775,"resistance":3200},"smt_upper":{"raw_temp":145,"raw_soil":64}}
{"sample_n":48,"sample_ms":57034,"chameleon_lower":{"raw_a":842,"raw_b":771,"raw_average":806,"resistance":2692.308},"chameleon_upper":{"raw_a":1023,"raw_b":528,"raw_average":775,"resistance":3200},"smt_upper":{"raw_temp":145,"raw_soil":64}}
{"sample_n":49,"sample_ms":58222,"chameleon_lower":{"raw_a":842,"raw_b":771,"raw_average":806,"resistance":2692.308},"chameleon_upper":{"raw_a":1023,"raw_b":528,"raw_average":775,"resistance":3200},"smt_upper":{"raw_temp":144,"raw_soil":64}}
{"sample_n":50,"sample_ms":59410,"chameleon_lower":{"raw_a":842,"raw_b":771,"raw_average":806,"resistance":2692.308},"chameleon_upper":{"raw_a":1023,"raw_b":528,"raw_average":775,"resistance":3200},"smt_upper":{"raw_temp":146,"raw_soil":64}}
{"sample_n":51,"sample_ms":60598,"chameleon_lower":{"raw_a":842,"raw_b":771,"raw_average":806,"resistance":2692.308},"chameleon_upper":{"raw_a":1023,"raw_b":528,"raw_average":775,"resistance":3200},"smt_upper":{"raw_temp":146,"raw_soil":64}}
{"sample_n":52,"sample_ms":61784,"chameleon_lower":{"raw_a":842,"raw_b":771,"raw_average":806,"resistance":2692.308},"chameleon_upper":{"raw_a":1023,"raw_b":528,"raw_average":775,"resistance":3200},"smt_upper":{"raw_temp":146,"raw_soil":64}}
{"sample_n":53,"sample_ms":62971,"chameleon_lower":{"raw_a":842,"raw_b":771,"raw_average":806,"resistance":2692.308},"chameleon_upper":{"raw_a":1023,"raw_b":528,"raw_average":775,"resistance":3200},"smt_upper":{"raw_temp":146,"raw_soil":64}}
{"sample_n":54,"sample_ms":64159,"chameleon_lower":{"raw_a":842,"raw_b":771,"raw_average":806,"resistance":2692.308},"chameleon_upper":{"raw_a":1023,"raw_b":528,"raw_average":775,"resistance":3200},"smt_upper":{"raw_temp":146,"raw_soil":64}}
{"sample_n":55,"sample_ms":65347,"chameleon_lower":{"raw_a":842,"raw_b":771,"raw_average":806,"resistance":2692.308},"chameleon_upper":{"raw_a":1023,"raw_b":528,"raw_average":775,"resistance":3200},"smt_upper":{"raw_temp":146,"raw_soil":64}}
{"sample_n":56,"sample_ms":66535,"chameleon_lower":{"raw_a":842,"raw_b":771,"raw_average":806,"resistance":2692.308},"chameleon_upper":{"raw_a":1023,"raw_b":528,"raw_average":775,"resistance":3200},"smt_upper":{"raw_temp":146,"raw_soil":63}}
{"sample_n":57,"sample_ms":67721,"chameleon_lower":{"raw_a":842,"raw_b":771,"raw_average":806,"resistance":2692.308},"chameleon_upper":{"raw_a":1023,"raw_b":528,"raw_average":775,"resistance":3200},"smt_upper":{"raw_temp":145,"raw_soil":63}}
{"sample_n":58,"sample_ms":68909,"chameleon_lower":{"raw_a":842,"raw_b":771,"raw_average":806,"resistance":2692.308},"chameleon_upper":{"raw_a":1023,"raw_b":528,"raw_average":775,"resistance":3200},"smt_upper":{"raw_temp":145,"raw_soil":64}}
{"sample_n":59,"sample_ms":70096,"chameleon_lower":{"raw_a":842,"raw_b":771,"raw_average":806,"resistance":2692.308},"chameleon_upper":{"raw_a":1023,"raw_b":528,"raw_average":775,"resistance":3200},"smt_upper":{"raw_temp":145,"raw_soil":64}}
{"sample_n":60,"sample_ms":71284,"chameleon_lower":{"raw_a":842,"raw_b":771,"raw_average":806,"resistance":2692.308},"chameleon_upper":{"raw_a":1023,"raw_b":528,"raw_average":775,"resistance":3200},"smt_upper":{"raw_temp":145,"raw_soil":64}}
{"sample_n":61,"sample_ms":72470,"chameleon_lower":{"raw_a":842,"raw_b":771,"raw_average":806,"resistance":2692.308},"chameleon_upper":{"raw_a":1023,"raw_b":528,"raw_average":775,"resistance":3200},"smt_upper":{"raw_temp":145,"raw_soil":64}}
{"sample_n":62,"sample_ms":73658,"chameleon_lower":{"raw_a":842,"raw_b":771,"raw_average":806,"resistance":2692.308},"chameleon_upper":{"raw_a":1023,"raw_b":528,"raw_average":775,"resistance":3200},"smt_upper":{"raw_temp":143,"raw_soil":64}}
{"sample_n":63,"sample_ms":74846,"chameleon_lower":{"raw_a":842,"raw_b":771,"raw_average":806,"resistance":2692.308},"chameleon_upper":{"raw_a":1023,"raw_b":528,"raw_average":775,"resistance":3200},"smt_upper":{"raw_temp":145,"raw_soil":64}}
{"sample_n":64,"sample_ms":76034,"chameleon_lower":{"raw_a":842,"raw_b":771,"raw_average":806,"resistance":2692.308},"chameleon_upper":{"raw_a":1023,"raw_b":528,"raw_average":775,"resistance":3200},"smt_upper":{"raw_temp":145,"raw_soil":64}}
{"sample_n":65,"sample_ms":77221,"chameleon_lower":{"raw_a":842,"raw_b":771,"raw_average":806,"resistance":2692.308},"chameleon_upper":{"raw_a":1023,"raw_b":528,"raw_average":775,"resistance":3200},"smt_upper":{"raw_temp":146,"raw_soil":63}}
{"sample_n":66,"sample_ms":78407,"chameleon_lower":{"raw_a":842,"raw_b":771,"raw_average":806,"resistance":2692.308},"chameleon_upper":{"raw_a":1023,"raw_b":528,"raw_average":775,"resistance":3200},"smt_upper":{"raw_temp":146,"raw_soil":63}}
{"sample_n":67,"sample_ms":79595,"chameleon_lower":{"raw_a":842,"raw_b":771,"raw_average":806,"resistance":2692.308},"chameleon_upper":{"raw_a":1023,"raw_b":528,"raw_average":775,"resistance":3200},"smt_upper":{"raw_temp":146,"raw_soil":64}}
{"sample_n":68,"sample_ms":80783,"chameleon_lower":{"raw_a":842,"raw_b":771,"raw_average":806,"resistance":2692.308},"chameleon_upper":{"raw_a":1023,"raw_b":528,"raw_average":775,"resistance":3200},"smt_upper":{"raw_temp":146,"raw_soil":64}}
{"sample_n":69,"sample_ms":81971,"chameleon_lower":{"raw_a":842,"raw_b":771,"raw_average":806,"resistance":2692.308},"chameleon_upper":{"raw_a":1023,"raw_b":528,"raw_average":775,"resistance":3200},"smt_upper":{"raw_temp":147,"raw_soil":64}}
{"sample_n":70,"sample_ms":83159,"chameleon_lower":{"raw_a":842,"raw_b":771,"raw_average":806,"resistance":2692.308},"chameleon_upper":{"raw_a":1023,"raw_b":528,"raw_average":775,"resistance":3200},"smt_upper":{"raw_temp":147,"raw_soil":64}}
{"sample_n":71,"sample_ms":84344,"chameleon_lower":{"raw_a":842,"raw_b":771,"raw_average":806,"resistance":2692.308},"chameleon_upper":{"raw_a":1023,"raw_b":528,"raw_average":775,"resistance":3200},"smt_upper":{"raw_temp":146,"raw_soil":64}}
{"sample_n":72,"sample_ms":85532,"chameleon_lower":{"raw_a":842,"raw_b":771,"raw_average":806,"resistance":2692.308},"chameleon_upper":{"raw_a":1023,"raw_b":528,"raw_average":775,"resistance":3200},"smt_upper":{"raw_temp":146,"raw_soil":64}}
{"sample_n":73,"sample_ms":86720,"chameleon_lower":{"raw_a":842,"raw_b":771,"raw_average":806,"resistance":2692.308},"chameleon_upper":{"raw_a":1023,"raw_b":528,"raw_average":775,"resistance":3200},"smt_upper":{"raw_temp":145,"raw_soil":63}}
{"sample_n":74,"sample_ms":87908,"chameleon_lower":{"raw_a":842,"raw_b":771,"raw_average":806,"resistance":2692.308},"chameleon_upper":{"raw_a":1023,"raw_b":528,"raw_average":775,"resistance":3200},"smt_upper":{"raw_temp":146,"raw_soil":63}}
{"sample_n":75,"sample_ms":89096,"chameleon_lower":{"raw_a":842,"raw_b":771,"raw_average":806,"resistance":2692.308},"chameleon_upper":{"raw_a":1023,"raw_b":528,"raw_average":775,"resistance":3200},"smt_upper":{"raw_temp":144,"raw_soil":62}}
{"sample_n":76,"sample_ms":90281,"chameleon_lower":{"raw_a":842,"raw_b":771,"raw_average":806,"resistance":2692.308},"chameleon_upper":{"raw_a":1023,"raw_b":528,"raw_average":775,"resistance":3200},"smt_upper":{"raw_temp":145,"raw_soil":63}}
{"sample_n":77,"sample_ms":91469,"chameleon_lower":{"raw_a":842,"raw_b":771,"raw_average":806,"resistance":2692.308},"chameleon_upper":{"raw_a":1023,"raw_b":528,"raw_average":775,"resistance":3200},"smt_upper":{"raw_temp":145,"raw_soil":63}}
{"sample_n":78,"sample_ms":92657,"chameleon_lower":{"raw_a":842,"raw_b":771,"raw_average":806,"resistance":2692.308},"chameleon_upper":{"raw_a":1023,"raw_b":528,"raw_average":775,"resistance":3200},"smt_upper":{"raw_temp":145,"raw_soil":64}}
{"sample_n":79,"sample_ms":93845,"chameleon_lower":{"raw_a":842,"raw_b":771,"raw_average":806,"resistance":2692.308},"chameleon_upper":{"raw_a":1023,"raw_b":528,"raw_average":775,"resistance":3200},"smt_upper":{"raw_temp":145,"raw_soil":64}}
{"sample_n":80,"sample_ms":95031,"chameleon_lower":{"raw_a":842,"raw_b":771,"raw_average":806,"resistance":2692.308},"chameleon_upper":{"raw_a":1023,"raw_b":528,"raw_average":775,"resistance":3200},"smt_upper":{"raw_temp":146,"raw_soil":64}}
{"sample_n":81,"sample_ms":96219,"chameleon_lower":{"raw_a":842,"raw_b":771,"raw_average":806,"resistance":2692.308},"chameleon_upper":{"raw_a":1023,"raw_b":528,"raw_average":775,"resistance":3200},"smt_upper":{"raw_temp":146,"raw_soil":64}}
{"sample_n":82,"sample_ms":97406,"chameleon_lower":{"raw_a":842,"raw_b":771,"raw_average":806,"resistance":2692.308},"chameleon_upper":{"raw_a":1023,"raw_b":528,"raw_average":775,"resistance":3200},"smt_upper":{"raw_temp":146,"raw_soil":63}}
{"sample_n":83,"sample_ms":98594,"chameleon_lower":{"raw_a":842,"raw_b":771,"raw_average":806,"resistance":2692.308},"chameleon_upper":{"raw_a":1023,"raw_b":528,"raw_average":775,"resistance":3200},"smt_upper":{"raw_temp":146,"raw_soil":63}}
{"sample_n":84,"sample_ms":99782,"chameleon_lower":{"raw_a":842,"raw_b":771,"raw_average":806,"resistance":2692.308},"chameleon_upper":{"raw_a":1023,"raw_b":528,"raw_average":775,"resistance":3200},"smt_upper":{"raw_temp":146,"raw_soil":64}}
{"sample_n":85,"sample_ms":100968,"chameleon_lower":{"raw_a":842,"raw_b":770,"raw_average":806,"resistance":2692.308},"chameleon_upper":{"raw_a":1023,"raw_b":528,"raw_average":775,"resistance":3200},"smt_upper":{"raw_temp":146,"raw_soil":64}}
{"sample_n":86,"sample_ms":102158,"chameleon_lower":{"raw_a":842,"raw_b":771,"raw_average":806,"resistance":2692.308},"chameleon_upper":{"raw_a":1023,"raw_b":528,"raw_average":775,"resistance":3200},"smt_upper":{"raw_temp":143,"raw_soil":63}}
{"sample_n":87,"sample_ms":103346,"chameleon_lower":{"raw_a":842,"raw_b":771,"raw_average":806,"resistance":2692.308},"chameleon_upper":{"raw_a":1023,"raw_b":528,"raw_average":775,"resistance":3200},"smt_upper":{"raw_temp":146,"raw_soil":64}}
{"sample_n":88,"sample_ms":104534,"chameleon_lower":{"raw_a":842,"raw_b":771,"raw_average":806,"resistance":2692.308},"chameleon_upper":{"raw_a":1023,"raw_b":528,"raw_average":775,"resistance":3200},"smt_upper":{"raw_temp":144,"raw_soil":63}}
{"sample_n":89,"sample_ms":105723,"chameleon_lower":{"raw_a":842,"raw_b":771,"raw_average":806,"resistance":2692.308},"chameleon_upper":{"raw_a":1023,"raw_b":528,"raw_average":775,"resistance":3200},"smt_upper":{"raw_temp":146,"raw_soil":64}}
{"sample_n":90,"sample_ms":106911,"chameleon_lower":{"raw_a":842,"raw_b":771,"raw_average":806,"resistance":2692.308},"chameleon_upper":{"raw_a":1023,"raw_b":528,"raw_average":775,"resistance":3200},"smt_upper":{"raw_temp":146,"raw_soil":64}}
{"sample_n":91,"sample_ms":108099,"chameleon_lower":{"raw_a":842,"raw_b":771,"raw_average":806,"resistance":2692.308},"chameleon_upper":{"raw_a":1023,"raw_b":528,"raw_average":775,"resistance":3200},"smt_upper":{"raw_temp":146,"raw_soil":64}}
{"sample_n":92,"sample_ms":109289,"chameleon_lower":{"raw_a":842,"raw_b":771,"raw_average":806,"resistance":2692.308},"chameleon_upper":{"raw_a":1023,"raw_b":528,"raw_average":775,"resistance":3200},"smt_upper":{"raw_temp":146,"raw_soil":64}}
{"sample_n":93,"sample_ms":110477,"chameleon_lower":{"raw_a":842,"raw_b":771,"raw_average":806,"resistance":2692.308},"chameleon_upper":{"raw_a":1023,"raw_b":528,"raw_average":775,"resistance":3200},"smt_upper":{"raw_temp":146,"raw_soil":64}}
{"sample_n":94,"sample_ms":111665,"chameleon_lower":{"raw_a":842,"raw_b":771,"raw_average":806,"resistance":2692.308},"chameleon_upper":{"raw_a":1023,"raw_b":528,"raw_average":775,"resistance":3200},"smt_upper":{"raw_temp":146,"raw_soil":64}}
{"sample_n":95,"sample_ms":112852,"chameleon_lower":{"raw_a":842,"raw_b":771,"raw_average":806,"resistance":2692.308},"chameleon_upper":{"raw_a":1023,"raw_b":528,"raw_average":775,"resistance":3200},"smt_upper":{"raw_temp":147,"raw_soil":64}}
{"sample_n":96,"sample_ms":114042,"chameleon_lower":{"raw_a":842,"raw_b":771,"raw_average":806,"resistance":2692.308},"chameleon_upper":{"raw_a":1023,"raw_b":528,"raw_average":775,"resistance":3200},"smt_upper":{"raw_temp":147,"raw_soil":64}}
{"sample_n":97,"sample_ms":115230,"chameleon_lower":{"raw_a":842,"raw_b":771,"raw_average":806,"resistance":2692.308},"chameleon_upper":{"raw_a":1023,"raw_b":528,"raw_average":775,"resistance":3200},"smt_upper":{"raw_temp":147,"raw_soil":63}}
{"sample_n":98,"sample_ms":116418,"chameleon_lower":{"raw_a":842,"raw_b":771,"raw_average":806,"resistance":2692.308},"chameleon_upper":{"raw_a":1023,"raw_b":528,"raw_average":775,"resistance":3200},"smt_upper":{"raw_temp":147,"raw_soil":63}}
{"sample_n":99,"sample_ms":117608,"chameleon_lower":{"raw_a":841,"raw_b":771,"raw_average":806,"resistance":2692.308},"chameleon_upper":{"raw_a":1023,"raw_b":528,"raw_average":775,"resistance":3200},"smt_upper":{"raw_temp":150,"raw_soil":69}}
{"sample_n":100,"sample_ms":118796,"chameleon_lower":{"raw_a":842,"raw_b":771,"raw_average":806,"resistance":2692.308},"chameleon_upper":{"raw_a":1023,"raw_b":528,"raw_average":775,"resistance":3200},"smt_upper":{"raw_temp":146,"raw_soil":63}}
{"sample_n":101,"sample_ms":119986,"chameleon_lower":{"raw_a":842,"raw_b":771,"raw_average":806,"resistance":2692.308},"chameleon_upper":{"raw_a":1023,"raw_b":528,"raw_average":775,"resistance":3200},"smt_upper":{"raw_temp":144,"raw_soil":63}}
{"sample_n":102,"sample_ms":121174,"chameleon_lower":{"raw_a":842,"raw_b":771,"raw_average":806,"resistance":2692.308},"chameleon_upper":{"raw_a":1023,"raw_b":528,"raw_average":775,"resistance":3200},"smt_upper":{"raw_temp":145,"raw_soil":64}}
{"sample_n":103,"sample_ms":122363,"chameleon_lower":{"raw_a":842,"raw_b":771,"raw_average":806,"resistance":2692.308},"chameleon_upper":{"raw_a":1023,"raw_b":528,"raw_average":775,"resistance":3200},"smt_upper":{"raw_temp":145,"raw_soil":64}}
{"sample_n":104,"sample_ms":123553,"chameleon_lower":{"raw_a":842,"raw_b":771,"raw_average":806,"resistance":2692.308},"chameleon_upper":{"raw_a":1023,"raw_b":528,"raw_average":775,"resistance":3200},"smt_upper":{"raw_temp":145,"raw_soil":64}}
{"sample_n":105,"sample_ms":124743,"chameleon_lower":{"raw_a":842,"raw_b":771,"raw_average":806,"resistance":2692.308},"chameleon_upper":{"raw_a":1023,"raw_b":528,"raw_average":775,"resistance":3200},"smt_upper":{"raw_temp":146,"raw_soil":63}}
{"sample_n":106,"sample_ms":125933,"chameleon_lower":{"raw_a":842,"raw_b":771,"raw_average":806,"resistance":2692.308},"chameleon_upper":{"raw_a":1023,"raw_b":528,"raw_average":775,"resistance":3200},"smt_upper":{"raw_temp":146,"raw_soil":63}}
{"sample_n":107,"sample_ms":127123,"chameleon_lower":{"raw_a":842,"raw_b":771,"raw_average":806,"resistance":2692.308},"chameleon_upper":{"raw_a":1023,"raw_b":528,"raw_average":775,"resistance":3200},"smt_upper":{"raw_temp":146,"raw_soil":63}}
{"sample_n":108,"sample_ms":128311,"chameleon_lower":{"raw_a":842,"raw_b":771,"raw_average":806,"resistance":2692.308},"chameleon_upper":{"raw_a":1023,"raw_b":528,"raw_average":775,"resistance":3200},"smt_upper":{"raw_temp":146,"raw_soil":64}}
{"sample_n":109,"sample_ms":129501,"chameleon_lower":{"raw_a":842,"raw_b":771,"raw_average":806,"resistance":2692.308},"chameleon_upper":{"raw_a":1023,"raw_b":528,"raw_average":775,"resistance":3200},"smt_upper":{"raw_temp":146,"raw_soil":64}}
{"sample_n":110,"sample_ms":130691,"chameleon_lower":{"raw_a":842,"raw_b":770,"raw_average":806,"resistance":2692.308},"chameleon_upper":{"raw_a":1023,"raw_b":528,"raw_average":775,"resistance":3200},"smt_upper":{"raw_temp":147,"raw_soil":64}}
{"sample_n":111,"sample_ms":131880,"chameleon_lower":{"raw_a":842,"raw_b":771,"raw_average":806,"resistance":2692.308},"chameleon_upper":{"raw_a":1023,"raw_b":528,"raw_average":775,"resistance":3200},"smt_upper":{"raw_temp":146,"raw_soil":64}}
{"sample_n":112,"sample_ms":133070,"chameleon_lower":{"raw_a":842,"raw_b":771,"raw_average":806,"resistance":2692.308},"chameleon_upper":{"raw_a":1023,"raw_b":528,"raw_average":775,"resistance":3200},"smt_upper":{"raw_temp":142,"raw_soil":62}}
{"sample_n":113,"sample_ms":134258,"chameleon_lower":{"raw_a":842,"raw_b":771,"raw_average":806,"resistance":2692.308},"chameleon_upper":{"raw_a":1023,"raw_b":528,"raw_average":775,"resistance":3200},"smt_upper":{"raw_temp":145,"raw_soil":64}}
{"sample_n":114,"sample_ms":135448,"chameleon_lower":{"raw_a":842,"raw_b":771,"raw_average":806,"resistance":2692.308},"chameleon_upper":{"raw_a":1023,"raw_b":528,"raw_average":775,"resistance":3200},"smt_upper":{"raw_temp":144,"raw_soil":63}}
{"sample_n":115,"sample_ms":136638,"chameleon_lower":{"raw_a":842,"raw_b":771,"raw_average":806,"resistance":2692.308},"chameleon_upper":{"raw_a":1023,"raw_b":528,"raw_average":775,"resistance":3200},"smt_upper":{"raw_temp":146,"raw_soil":63}}
{"sample_n":116,"sample_ms":137828,"chameleon_lower":{"raw_a":842,"raw_b":771,"raw_average":806,"resistance":2692.308},"chameleon_upper":{"raw_a":1023,"raw_b":528,"raw_average":775,"resistance":3200},"smt_upper":{"raw_temp":147,"raw_soil":64}}
{"sample_n":117,"sample_ms":139018,"chameleon_lower":{"raw_a":842,"raw_b":771,"raw_average":806,"resistance":2692.308},"chameleon_upper":{"raw_a":1023,"raw_b":528,"raw_average":775,"resistance":3200},"smt_upper":{"raw_temp":146,"raw_soil":63}}
{"sample_n":118,"sample_ms":140206,"chameleon_lower":{"raw_a":842,"raw_b":770,"raw_average":806,"resistance":2692.308},"chameleon_upper":{"raw_a":1023,"raw_b":528,"raw_average":775,"resistance":3200},"smt_upper":{"raw_temp":146,"raw_soil":63}}
{"sample_n":119,"sample_ms":141395,"chameleon_lower":{"raw_a":842,"raw_b":770,"raw_average":806,"resistance":2692.308},"chameleon_upper":{"raw_a":1023,"raw_b":528,"raw_average":775,"resistance":3200},"smt_upper":{"raw_temp":147,"raw_soil":64}}
{"sample_n":120,"sample_ms":142585,"chameleon_lower":{"raw_a":842,"raw_b":771,"raw_average":806,"resistance":2692.308},"chameleon_upper":{"raw_a":1023,"raw_b":528,"raw_average":775,"resistance":3200},"smt_upper":{"raw_temp":146,"raw_soil":64}}
{"sample_n":121,"sample_ms":143775,"chameleon_lower":{"raw_a":842,"raw_b":770,"raw_average":806,"resistance":2692.308},"chameleon_upper":{"raw_a":1023,"raw_b":528,"raw_average":775,"resistance":3200},"smt_upper":{"raw_temp":146,"raw_soil":64}}
{"sample_n":122,"sample_ms":144965,"chameleon_lower":{"raw_a":842,"raw_b":770,"raw_average":806,"resistance":2692.308},"chameleon_upper":{"raw_a":1023,"raw_b":528,"raw_average":775,"resistance":3200},"smt_upper":{"raw_temp":146,"raw_soil":64}}
{"sample_n":123,"sample_ms":146153,"chameleon_lower":{"raw_a":842,"raw_b":771,"raw_average":806,"resistance":2692.308},"chameleon_upper":{"raw_a":1023,"raw_b":528,"raw_average":775,"resistance":3200},"smt_upper":{"raw_temp":146,"raw_soil":63}}
{"sample_n":124,"sample_ms":147343,"chameleon_lower":{"raw_a":842,"raw_b":770,"raw_average":806,"resistance":2692.308},"chameleon_upper":{"raw_a":1023,"raw_b":528,"raw_average":775,"resistance":3200},"smt_upper":{"raw_temp":146,"raw_soil":63}}
{"sample_n":125,"sample_ms":148533,"chameleon_lower":{"raw_a":842,"raw_b":771,"raw_average":806,"resistance":2692.308},"chameleon_upper":{"raw_a":1023,"raw_b":528,"raw_average":775,"resistance":3200},"smt_upper":{"raw_temp":142,"raw_soil":61}}
{"sample_n":126,"sample_ms":149723,"chameleon_lower":{"raw_a":842,"raw_b":770,"raw_average":806,"resistance":2692.308},"chameleon_upper":{"raw_a":1023,"raw_b":528,"raw_average":775,"resistance":3200},"smt_upper":{"raw_temp":147,"raw_soil":64}}
{"sample_n":127,"sample_ms":150913,"chameleon_lower":{"raw_a":842,"raw_b":771,"raw_average":806,"resistance":2692.308},"chameleon_upper":{"raw_a":1023,"raw_b":528,"raw_average":775,"resistance":3200},"smt_upper":{"raw_temp":145,"raw_soil":64}}
{"sample_n":128,"sample_ms":152100,"chameleon_lower":{"raw_a":842,"raw_b":770,"raw_average":806,"resistance":2692.308},"chameleon_upper":{"raw_a":1023,"raw_b":528,"raw_average":775,"resistance":3200},"smt_upper":{"raw_temp":146,"raw_soil":64}}
{"sample_n":129,"sample_ms":153290,"chameleon_lower":{"raw_a":842,"raw_b":770,"raw_average":806,"resistance":2692.308},"chameleon_upper":{"raw_a":1023,"raw_b":528,"raw_average":775,"resistance":3200},"smt_upper":{"raw_temp":145,"raw_soil":64}}
{"sample_n":130,"sample_ms":154480,"chameleon_lower":{"raw_a":842,"raw_b":770,"raw_average":806,"resistance":2692.308},"chameleon_upper":{"raw_a":1023,"raw_b":528,"raw_average":775,"resistance":3200},"smt_upper":{"raw_temp":145,"raw_soil":64}}
{"sample_n":131,"sample_ms":155670,"chameleon_lower":{"raw_a":842,"raw_b":770,"raw_average":806,"resistance":2692.308},"chameleon_upper":{"raw_a":1023,"raw_b":528,"raw_average":775,"resistance":3200},"smt_upper":{"raw_temp":145,"raw_soil":64}}
{"sample_n":132,"sample_ms":156860,"chameleon_lower":{"raw_a":842,"raw_b":771,"raw_average":806,"resistance":2692.308},"chameleon_upper":{"raw_a":1023,"raw_b":528,"raw_average":775,"resistance":3200},"smt_upper":{"raw_temp":145,"raw_soil":64}}
{"sample_n":133,"sample_ms":158048,"chameleon_lower":{"raw_a":842,"raw_b":770,"raw_average":806,"resistance":2692.308},"chameleon_upper":{"raw_a":1023,"raw_b":528,"raw_average":775,"resistance":3200},"smt_upper":{"raw_temp":146,"raw_soil":64}}
{"sample_n":134,"sample_ms":159238,"chameleon_lower":{"raw_a":842,"raw_b":770,"raw_average":806,"resistance":2692.308},"chameleon_upper":{"raw_a":1023,"raw_b":528,"raw_average":775,"resistance":3200},"smt_upper":{"raw_temp":147,"raw_soil":63}}
{"sample_n":135,"sample_ms":160428,"chameleon_lower":{"raw_a":842,"raw_b":770,"raw_average":806,"resistance":2692.308},"chameleon_upper":{"raw_a":1023,"raw_b":528,"raw_average":775,"resistance":3200},"smt_upper":{"raw_temp":147,"raw_soil":63}}
{"sample_n":136,"sample_ms":161617,"chameleon_lower":{"raw_a":842,"raw_b":771,"raw_average":806,"resistance":2692.308},"chameleon_upper":{"raw_a":1023,"raw_b":528,"raw_average":775,"resistance":3200},"smt_upper":{"raw_temp":147,"raw_soil":63}}
{"sample_n":137,"sample_ms":162807,"chameleon_lower":{"raw_a":842,"raw_b":770,"raw_average":806,"resistance":2692.308},"chameleon_upper":{"raw_a":1023,"raw_b":528,"raw_average":775,"resistance":3200},"smt_upper":{"raw_temp":147,"raw_soil":63}}
{"sample_n":138,"sample_ms":163995,"chameleon_lower":{"raw_a":842,"raw_b":771,"raw_average":806,"resistance":2692.308},"chameleon_upper":{"raw_a":1023,"raw_b":528,"raw_average":775,"resistance":3200},"smt_upper":{"raw_temp":150,"raw_soil":58}}
{"sample_n":139,"sample_ms":165185,"chameleon_lower":{"raw_a":843,"raw_b":770,"raw_average":806,"resistance":2692.308},"chameleon_upper":{"raw_a":1023,"raw_b":528,"raw_average":775,"resistance":3200},"smt_upper":{"raw_temp":146,"raw_soil":64}}
{"sample_n":140,"sample_ms":166375,"chameleon_lower":{"raw_a":842,"raw_b":770,"raw_average":806,"resistance":2692.308},"chameleon_upper":{"raw_a":1023,"raw_b":528,"raw_average":775,"resistance":3200},"smt_upper":{"raw_temp":144,"raw_soil":63}}
{"sample_n":141,"sample_ms":167565,"chameleon_lower":{"raw_a":842,"raw_b":770,"raw_average":806,"resistance":2692.308},"chameleon_upper":{"raw_a":1023,"raw_b":528,"raw_average":775,"resistance":3200},"smt_upper":{"raw_temp":146,"raw_soil":63}}
{"sample_n":142,"sample_ms":168755,"chameleon_lower":{"raw_a":842,"raw_b":770,"raw_average":806,"resistance":2692.308},"chameleon_upper":{"raw_a":1023,"raw_b":528,"raw_average":775,"resistance":3200},"smt_upper":{"raw_temp":147,"raw_soil":62}}
{"sample_n":143,"sample_ms":169943,"chameleon_lower":{"raw_a":842,"raw_b":770,"raw_average":806,"resistance":2692.308},"chameleon_upper":{"raw_a":1023,"raw_b":528,"raw_average":775,"resistance":3200},"smt_upper":{"raw_temp":146,"raw_soil":64}}
{"sample_n":144,"sample_ms":171132,"chameleon_lower":{"raw_a":842,"raw_b":770,"raw_average":806,"resistance":2692.308},"chameleon_upper":{"raw_a":1023,"raw_b":528,"raw_average":775,"resistance":3200},"smt_upper":{"raw_temp":146,"raw_soil":64}}
{"sample_n":145,"sample_ms":172322,"chameleon_lower":{"raw_a":842,"raw_b":770,"raw_average":806,"resistance":2692.308},"chameleon_upper":{"raw_a":1023,"raw_b":528,"raw_average":775,"resistance":3200},"smt_upper":{"raw_temp":147,"raw_soil":63}}
{"sample_n":146,"sample_ms":173512,"chameleon_lower":{"raw_a":842,"raw_b":770,"raw_average":806,"resistance":2692.308},"chameleon_upper":{"raw_a":1023,"raw_b":528,"raw_average":775,"resistance":3200},"smt_upper":{"raw_temp":146,"raw_soil":63}}
{"sample_n":147,"sample_ms":174702,"chameleon_lower":{"raw_a":842,"raw_b":770,"raw_average":806,"resistance":2692.308},"chameleon_upper":{"raw_a":1023,"raw_b":528,"raw_average":775,"resistance":3200},"smt_upper":{"raw_temp":146,"raw_soil":63}}
{"sample_n":148,"sample_ms":175890,"chameleon_lower":{"raw_a":842,"raw_b":770,"raw_average":806,"resistance":2692.308},"chameleon_upper":{"raw_a":1023,"raw_b":528,"raw_average":775,"resistance":3200},"smt_upper":{"raw_temp":146,"raw_soil":63}}
{"sample_n":149,"sample_ms":177080,"chameleon_lower":{"raw_a":842,"raw_b":770,"raw_average":806,"resistance":2692.308},"chameleon_upper":{"raw_a":1023,"raw_b":528,"raw_average":775,"resistance":3200},"smt_upper":{"raw_temp":146,"raw_soil":63}}
{"sample_n":150,"sample_ms":178270,"chameleon_lower":{"raw_a":842,"raw_b":770,"raw_average":806,"resistance":2692.308},"chameleon_upper":{"raw_a":1023,"raw_b":528,"raw_average":775,"resistance":3200},"smt_upper":{"raw_temp":147,"raw_soil":63}}
{"sample_n":151,"sample_ms":179460,"chameleon_lower":{"raw_a":842,"raw_b":770,"raw_average":806,"resistance":2692.308},"chameleon_upper":{"raw_a":1023,"raw_b":528,"raw_average":775,"resistance":3200},"smt_upper":{"raw_temp":151,"raw_soil":69}}
{"sample_n":152,"sample_ms":180649,"chameleon_lower":{"raw_a":842,"raw_b":770,"raw_average":806,"resistance":2692.308},"chameleon_upper":{"raw_a":1023,"raw_b":528,"raw_average":775,"resistance":3200},"smt_upper":{"raw_temp":147,"raw_soil":64}}
{"sample_n":153,"sample_ms":181837,"chameleon_lower":{"raw_a":842,"raw_b":770,"raw_average":806,"resistance":2692.308},"chameleon_upper":{"raw_a":1023,"raw_b":528,"raw_average":775,"resistance":3200},"smt_upper":{"raw_temp":145,"raw_soil":64}}
{"sample_n":154,"sample_ms":183027,"chameleon_lower":{"raw_a":843,"raw_b":770,"raw_average":806,"resistance":2692.308},"chameleon_upper":{"raw_a":1023,"raw_b":528,"raw_average":775,"resistance":3200},"smt_upper":{"raw_temp":147,"raw_soil":64}}
{"sample_n":155,"sample_ms":184217,"chameleon_lower":{"raw_a":842,"raw_b":770,"raw_average":806,"resistance":2692.308},"chameleon_upper":{"raw_a":1023,"raw_b":528,"raw_average":775,"resistance":3200},"smt_upper":{"raw_temp":146,"raw_soil":64}}
{"sample_n":156,"sample_ms":185407,"chameleon_lower":{"raw_a":842,"raw_b":770,"raw_average":806,"resistance":2692.308},"chameleon_upper":{"raw_a":1023,"raw_b":528,"raw_average":775,"resistance":3200},"smt_upper":{"raw_temp":145,"raw_soil":64}}
{"sample_n":157,"sample_ms":186597,"chameleon_lower":{"raw_a":842,"raw_b":770,"raw_average":806,"resistance":2692.308},"chameleon_upper":{"raw_a":1023,"raw_b":528,"raw_average":775,"resistance":3200},"smt_upper":{"raw_temp":146,"raw_soil":64}}
{"sample_n":158,"sample_ms":187785,"chameleon_lower":{"raw_a":842,"raw_b":770,"raw_average":806,"resistance":2692.308},"chameleon_upper":{"raw_a":1023,"raw_b":528,"raw_average":775,"resistance":3200},"smt_upper":{"raw_temp":146,"raw_soil":63}}
{"sample_n":159,"sample_ms":188975,"chameleon_lower":{"raw_a":842,"raw_b":770,"raw_average":806,"resistance":2692.308},"chameleon_upper":{"raw_a":1023,"raw_b":528,"raw_average":775,"resistance":3200},"smt_upper":{"raw_temp":147,"raw_soil":64}}
{"sample_n":160,"sample_ms":190164,"chameleon_lower":{"raw_a":842,"raw_b":770,"raw_average":806,"resistance":2692.308},"chameleon_upper":{"raw_a":1023,"raw_b":528,"raw_average":775,"resistance":3200},"smt_upper":{"raw_temp":147,"raw_soil":64}}
{"sample_n":161,"sample_ms":191354,"chameleon_lower":{"raw_a":842,"raw_b":770,"raw_average":806,"resistance":2692.308},"chameleon_upper":{"raw_a":1023,"raw_b":528,"raw_average":775,"resistance":3200},"smt_upper":{"raw_temp":147,"raw_soil":64}}
{"sample_n":162,"sample_ms":192544,"chameleon_lower":{"raw_a":842,"raw_b":770,"raw_average":806,"resistance":2692.308},"chameleon_upper":{"raw_a":1023,"raw_b":528,"raw_average":775,"resistance":3200},"smt_upper":{"raw_temp":147,"raw_soil":64}}
{"sample_n":163,"sample_ms":193732,"chameleon_lower":{"raw_a":842,"raw_b":770,"raw_average":806,"resistance":2692.308},"chameleon_upper":{"raw_a":1023,"raw_b":528,"raw_average":775,"resistance":3200},"smt_upper":{"raw_temp":146,"raw_soil":64}}
{"sample_n":164,"sample_ms":194922,"chameleon_lower":{"raw_a":842,"raw_b":770,"raw_average":806,"resistance":2692.308},"chameleon_upper":{"raw_a":1023,"raw_b":528,"raw_average":775,"resistance":3200},"smt_upper":{"raw_temp":150,"raw_soil":70}}
{"sample_n":165,"sample_ms":196112,"chameleon_lower":{"raw_a":842,"raw_b":770,"raw_average":806,"resistance":2692.308},"chameleon_upper":{"raw_a":1023,"raw_b":528,"raw_average":775,"resistance":3200},"smt_upper":{"raw_temp":146,"raw_soil":63}}
{"sample_n":166,"sample_ms":197302,"chameleon_lower":{"raw_a":842,"raw_b":770,"raw_average":806,"resistance":2692.308},"chameleon_upper":{"raw_a":1023,"raw_b":528,"raw_average":775,"resistance":3200},"smt_upper":{"raw_temp":144,"raw_soil":62}}
{"sample_n":167,"sample_ms":198492,"chameleon_lower":{"raw_a":842,"raw_b":770,"raw_average":806,"resistance":2692.308},"chameleon_upper":{"raw_a":1023,"raw_b":528,"raw_average":775,"resistance":3200},"smt_upper":{"raw_temp":146,"raw_soil":63}}
{"sample_n":168,"sample_ms":199680,"chameleon_lower":{"raw_a":842,"raw_b":770,"raw_average":806,"resistance":2692.308},"chameleon_upper":{"raw_a":1023,"raw_b":528,"raw_average":775,"resistance":3200},"smt_upper":{"raw_temp":147,"raw_soil":64}}
{"sample_n":169,"sample_ms":200869,"chameleon_lower":{"raw_a":842,"raw_b":770,"raw_average":806,"resistance":2692.308},"chameleon_upper":{"raw_a":1023,"raw_b":528,"raw_average":775,"resistance":3200},"smt_upper":{"raw_temp":147,"raw_soil":64}}
{"sample_n":170,"sample_ms":202059,"chameleon_lower":{"raw_a":842,"raw_b":770,"raw_average":806,"resistance":2692.308},"chameleon_upper":{"raw_a":1023,"raw_b":528,"raw_average":775,"resistance":3200},"smt_upper":{"raw_temp":147,"raw_soil":64}}
{"sample_n":171,"sample_ms":203249,"chameleon_lower":{"raw_a":842,"raw_b":770,"raw_average":806,"resistance":2692.308},"chameleon_upper":{"raw_a":1023,"raw_b":528,"raw_average":775,"resistance":3200},"smt_upper":{"raw_temp":147,"raw_soil":64}}
{"sample_n":172,"sample_ms":204439,"chameleon_lower":{"raw_a":842,"raw_b":770,"raw_average":806,"resistance":2692.308},"chameleon_upper":{"raw_a":1023,"raw_b":528,"raw_average":775,"resistance":3200},"smt_upper":{"raw_temp":146,"raw_soil":64}}
{"sample_n":173,"sample_ms":205627,"chameleon_lower":{"raw_a":842,"raw_b":770,"raw_average":806,"resistance":2692.308},"chameleon_upper":{"raw_a":1023,"raw_b":528,"raw_average":775,"resistance":3200},"smt_upper":{"raw_temp":146,"raw_soil":64}}
{"sample_n":174,"sample_ms":206817,"chameleon_lower":{"raw_a":842,"raw_b":770,"raw_average":806,"resistance":2692.308},"chameleon_upper":{"raw_a":1023,"raw_b":528,"raw_average":775,"resistance":3200},"smt_upper":{"raw_temp":146,"raw_soil":64}}
{"sample_n":175,"sample_ms":208007,"chameleon_lower":{"raw_a":842,"raw_b":770,"raw_average":806,"resistance":2692.308},"chameleon_upper":{"raw_a":1023,"raw_b":528,"raw_average":775,"resistance":3200},"smt_upper":{"raw_temp":146,"raw_soil":64}}
{"sample_n":176,"sample_ms":209197,"chameleon_lower":{"raw_a":842,"raw_b":770,"raw_average":806,"resistance":2692.308},"chameleon_upper":{"raw_a":1023,"raw_b":528,"raw_average":775,"resistance":3200},"smt_upper":{"raw_temp":146,"raw_soil":64}}
{"sample_n":177,"sample_ms":210386,"chameleon_lower":{"raw_a":847,"raw_b":770,"raw_average":808,"resistance":2660.891},"chameleon_upper":{"raw_a":1023,"raw_b":528,"raw_average":775,"resistance":3200},"smt_upper":{"raw_temp":151,"raw_soil":69}}
{"sample_n":178,"sample_ms":211574,"chameleon_lower":{"raw_a":842,"raw_b":770,"raw_average":806,"resistance":2692.308},"chameleon_upper":{"raw_a":1023,"raw_b":528,"raw_average":775,"resistance":3200},"smt_upper":{"raw_temp":147,"raw_soil":64}}
{"sample_n":179,"sample_ms":212764,"chameleon_lower":{"raw_a":842,"raw_b":770,"raw_average":806,"resistance":2692.308},"chameleon_upper":{"raw_a":1023,"raw_b":528,"raw_average":775,"resistance":3200},"smt_upper":{"raw_temp":145,"raw_soil":63}}
{"sample_n":180,"sample_ms":213954,"chameleon_lower":{"raw_a":842,"raw_b":770,"raw_average":806,"resistance":2692.308},"chameleon_upper":{"raw_a":1023,"raw_b":528,"raw_average":775,"resistance":3200},"smt_upper":{"raw_temp":147,"raw_soil":64}}
{"sample_n":181,"sample_ms":215144,"chameleon_lower":{"raw_a":842,"raw_b":770,"raw_average":806,"resistance":2692.308},"chameleon_upper":{"raw_a":1023,"raw_b":528,"raw_average":775,"resistance":3200},"smt_upper":{"raw_temp":147,"raw_soil":64}}
{"sample_n":182,"sample_ms":216334,"chameleon_lower":{"raw_a":842,"raw_b":770,"raw_average":806,"resistance":2692.308},"chameleon_upper":{"raw_a":1023,"raw_b":528,"raw_average":775,"resistance":3200},"smt_upper":{"raw_temp":146,"raw_soil":64}}
{"sample_n":183,"sample_ms":217524,"chameleon_lower":{"raw_a":842,"raw_b":770,"raw_average":806,"resistance":2692.308},"chameleon_upper":{"raw_a":1023,"raw_b":528,"raw_average":775,"resistance":3200},"smt_upper":{"raw_temp":146,"raw_soil":64}}
{"sample_n":184,"sample_ms":218712,"chameleon_lower":{"raw_a":842,"raw_b":770,"raw_average":806,"resistance":2692.308},"chameleon_upper":{"raw_a":1023,"raw_b":528,"raw_average":775,"resistance":3200},"smt_upper":{"raw_temp":146,"raw_soil":64}}
{"sample_n":185,"sample_ms":219901,"chameleon_lower":{"raw_a":842,"raw_b":770,"raw_average":806,"resistance":2692.308},"chameleon_upper":{"raw_a":1023,"raw_b":528,"raw_average":775,"resistance":3200},"smt_upper":{"raw_temp":146,"raw_soil":64}}
{"sample_n":186,"sample_ms":221091,"chameleon_lower":{"raw_a":842,"raw_b":770,"raw_average":806,"resistance":2692.308},"chameleon_upper":{"raw_a":1023,"raw_b":528,"raw_average":775,"resistance":3200},"smt_upper":{"raw_temp":146,"raw_soil":63}}
{"sample_n":187,"sample_ms":222281,"chameleon_lower":{"raw_a":842,"raw_b":770,"raw_average":806,"resistance":2692.308},"chameleon_upper":{"raw_a":1023,"raw_b":528,"raw_average":775,"resistance":3200},"smt_upper":{"raw_temp":147,"raw_soil":64}}
{"sample_n":188,"sample_ms":223471,"chameleon_lower":{"raw_a":842,"raw_b":770,"raw_average":806,"resistance":2692.308},"chameleon_upper":{"raw_a":1023,"raw_b":528,"raw_average":775,"resistance":3200},"smt_upper":{"raw_temp":147,"raw_soil":64}}
{"sample_n":189,"sample_ms":224659,"chameleon_lower":{"raw_a":842,"raw_b":770,"raw_average":806,"resistance":2692.308},"chameleon_upper":{"raw_a":1023,"raw_b":528,"raw_average":775,"resistance":3200},"smt_upper":{"raw_temp":147,"raw_soil":64}}
{"sample_n":190,"sample_ms":225849,"chameleon_lower":{"raw_a":840,"raw_b":770,"raw_average":805,"resistance":2708.074},"chameleon_upper":{"raw_a":1023,"raw_b":528,"raw_average":775,"resistance":3200},"smt_upper":{"raw_temp":151,"raw_soil":69}}
{"sample_n":191,"sample_ms":227039,"chameleon_lower":{"raw_a":842,"raw_b":770,"raw_average":806,"resistance":2692.308},"chameleon_upper":{"raw_a":1023,"raw_b":528,"raw_average":775,"resistance":3200},"smt_upper":{"raw_temp":147,"raw_soil":64}}
{"sample_n":192,"sample_ms":228229,"chameleon_lower":{"raw_a":842,"raw_b":770,"raw_average":806,"resistance":2692.308},"chameleon_upper":{"raw_a":1023,"raw_b":528,"raw_average":775,"resistance":3200},"smt_upper":{"raw_temp":145,"raw_soil":64}}
{"sample_n":193,"sample_ms":229419,"chameleon_lower":{"raw_a":842,"raw_b":770,"raw_average":806,"resistance":2692.308},"chameleon_upper":{"raw_a":1023,"raw_b":528,"raw_average":775,"resistance":3200},"smt_upper":{"raw_temp":146,"raw_soil":64}}
{"sample_n":194,"sample_ms":230606,"chameleon_lower":{"raw_a":842,"raw_b":770,"raw_average":806,"resistance":2692.308},"chameleon_upper":{"raw_a":1023,"raw_b":528,"raw_average":775,"resistance":3200},"smt_upper":{"raw_temp":145,"raw_soil":64}}
{"sample_n":195,"sample_ms":231796,"chameleon_lower":{"raw_a":842,"raw_b":770,"raw_average":806,"resistance":2692.308},"chameleon_upper":{"raw_a":1023,"raw_b":528,"raw_average":775,"resistance":3200},"smt_upper":{"raw_temp":146,"raw_soil":64}}
{"sample_n":196,"sample_ms":232986,"chameleon_lower":{"raw_a":842,"raw_b":770,"raw_average":806,"resistance":2692.308},"chameleon_upper":{"raw_a":1023,"raw_b":528,"raw_average":775,"resistance":3200},"smt_upper":{"raw_temp":146,"raw_soil":63}}
{"sample_n":197,"sample_ms":234176,"chameleon_lower":{"raw_a":842,"raw_b":770,"raw_average":806,"resistance":2692.308},"chameleon_upper":{"raw_a":1023,"raw_b":528,"raw_average":775,"resistance":3200},"smt_upper":{"raw_temp":147,"raw_soil":64}}
{"sample_n":198,"sample_ms":235366,"chameleon_lower":{"raw_a":842,"raw_b":770,"raw_average":806,"resistance":2692.308},"chameleon_upper":{"raw_a":1023,"raw_b":528,"raw_average":775,"resistance":3200},"smt_upper":{"raw_temp":147,"raw_soil":64}}
{"sample_n":199,"sample_ms":236554,"chameleon_lower":{"raw_a":842,"raw_b":770,"raw_average":806,"resistance":2692.308},"chameleon_upper":{"raw_a":1023,"raw_b":528,"raw_average":775,"resistance":3200},"smt_upper":{"raw_temp":147,"raw_soil":64}}
{"sample_n":200,"sample_ms":237744,"chameleon_lower":{"raw_a":842,"raw_b":770,"raw_average":806,"resistance":2692.308},"chameleon_upper":{"raw_a":1023,"raw_b":528,"raw_average":775,"resistance":3200},"smt_upper":{"raw_temp":147,"raw_soil":64}}
{"sample_n":201,"sample_ms":238934,"chameleon_lower":{"raw_a":842,"raw_b":770,"raw_average":806,"resistance":2692.308},"chameleon_upper":{"raw_a":1023,"raw_b":528,"raw_average":775,"resistance":3200},"smt_upper":{"raw_temp":146,"raw_soil":64}}
{"sample_n":202,"sample_ms":240123,"chameleon_lower":{"raw_a":842,"raw_b":770,"raw_average":806,"resistance":2692.308},"chameleon_upper":{"raw_a":1023,"raw_b":529,"raw_average":776,"resistance":3182.99},"smt_upper":{"raw_temp":146,"raw_soil":64}}
{"sample_n":203,"sample_ms":241315,"chameleon_lower":{"raw_a":842,"raw_b":770,"raw_average":806,"resistance":2692.308},"chameleon_upper":{"raw_a":1023,"raw_b":529,"raw_average":776,"resistance":3182.99},"smt_upper":{"raw_temp":150,"raw_soil":69}}
{"sample_n":204,"sample_ms":242507,"chameleon_lower":{"raw_a":842,"raw_b":770,"raw_average":806,"resistance":2692.308},"chameleon_upper":{"raw_a":1023,"raw_b":528,"raw_average":775,"resistance":3200},"smt_upper":{"raw_temp":147,"raw_soil":64}}
{"sample_n":205,"sample_ms":243697,"chameleon_lower":{"raw_a":842,"raw_b":770,"raw_average":806,"resistance":2692.308},"chameleon_upper":{"raw_a":1023,"raw_b":529,"raw_average":776,"resistance":3182.99},"smt_upper":{"raw_temp":145,"raw_soil":64}}
{"sample_n":206,"sample_ms":244891,"chameleon_lower":{"raw_a":842,"raw_b":770,"raw_average":806,"resistance":2692.308},"chameleon_upper":{"raw_a":1023,"raw_b":529,"raw_average":776,"resistance":3182.99},"smt_upper":{"raw_temp":146,"raw_soil":64}}
{"sample_n":207,"sample_ms":246083,"chameleon_lower":{"raw_a":842,"raw_b":770,"raw_average":806,"resistance":2692.308},"chameleon_upper":{"raw_a":1023,"raw_b":528,"raw_average":775,"resistance":3200},"smt_upper":{"raw_temp":147,"raw_soil":64}}
{"sample_n":208,"sample_ms":247273,"chameleon_lower":{"raw_a":842,"raw_b":770,"raw_average":806,"resistance":2692.308},"chameleon_upper":{"raw_a":1023,"raw_b":528,"raw_average":775,"resistance":3200},"smt_upper":{"raw_temp":147,"raw_soil":64}}
{"sample_n":209,"sample_ms":248461,"chameleon_lower":{"raw_a":842,"raw_b":770,"raw_average":806,"resistance":2692.308},"chameleon_upper":{"raw_a":1023,"raw_b":528,"raw_average":775,"resistance":3200},"smt_upper":{"raw_temp":147,"raw_soil":64}}
{"sample_n":210,"sample_ms":249651,"chameleon_lower":{"raw_a":842,"raw_b":770,"raw_average":806,"resistance":2692.308},"chameleon_upper":{"raw_a":1023,"raw_b":528,"raw_average":775,"resistance":3200},"smt_upper":{"raw_temp":146,"raw_soil":64}}
{"sample_n":211,"sample_ms":250841,"chameleon_lower":{"raw_a":842,"raw_b":770,"raw_average":806,"resistance":2692.308},"chameleon_upper":{"raw_a":1023,"raw_b":528,"raw_average":775,"resistance":3200},"smt_upper":{"raw_temp":146,"raw_soil":64}}
{"sample_n":212,"sample_ms":252030,"chameleon_lower":{"raw_a":842,"raw_b":770,"raw_average":806,"resistance":2692.308},"chameleon_upper":{"raw_a":1023,"raw_b":528,"raw_average":775,"resistance":3200},"smt_upper":{"raw_temp":146,"raw_soil":64}}
{"sample_n":213,"sample_ms":253220,"chameleon_lower":{"raw_a":842,"raw_b":770,"raw_average":806,"resistance":2692.308},"chameleon_upper":{"raw_a":1023,"raw_b":528,"raw_average":775,"resistance":3200},"smt_upper":{"raw_temp":146,"raw_soil":64}}
{"sample_n":214,"sample_ms":254410,"chameleon_lower":{"raw_a":842,"raw_b":770,"raw_average":806,"resistance":2692.308},"chameleon_upper":{"raw_a":1023,"raw_b":528,"raw_average":775,"resistance":3200},"smt_upper":{"raw_temp":146,"raw_soil":64}}
{"sample_n":215,"sample_ms":255598,"chameleon_lower":{"raw_a":842,"raw_b":770,"raw_average":806,"resistance":2692.308},"chameleon_upper":{"raw_a":1023,"raw_b":528,"raw_average":775,"resistance":3200},"smt_upper":{"raw_temp":147,"raw_soil":64}}
{"sample_n":216,"sample_ms":256788,"chameleon_lower":{"raw_a":842,"raw_b":771,"raw_average":806,"resistance":2692.308},"chameleon_upper":{"raw_a":1023,"raw_b":528,"raw_average":775,"resistance":3200},"smt_upper":{"raw_temp":142,"raw_soil":62}}
{"sample_n":217,"sample_ms":257978,"chameleon_lower":{"raw_a":842,"raw_b":770,"raw_average":806,"resistance":2692.308},"chameleon_upper":{"raw_a":1023,"raw_b":528,"raw_average":775,"resistance":3200},"smt_upper":{"raw_temp":147,"raw_soil":64}}
{"sample_n":218,"sample_ms":259168,"chameleon_lower":{"raw_a":842,"raw_b":770,"raw_average":806,"resistance":2692.308},"chameleon_upper":{"raw_a":1023,"raw_b":528,"raw_average":775,"resistance":3200},"smt_upper":{"raw_temp":145,"raw_soil":64}}
{"sample_n":219,"sample_ms":260358,"chameleon_lower":{"raw_a":842,"raw_b":770,"raw_average":806,"resistance":2692.308},"chameleon_upper":{"raw_a":1023,"raw_b":528,"raw_average":775,"resistance":3200},"smt_upper":{"raw_temp":147,"raw_soil":64}}
{"sample_n":220,"sample_ms":261545,"chameleon_lower":{"raw_a":842,"raw_b":770,"raw_average":806,"resistance":2692.308},"chameleon_upper":{"raw_a":1023,"raw_b":528,"raw_average":775,"resistance":3200},"smt_upper":{"raw_temp":146,"raw_soil":64}}
{"sample_n":221,"sample_ms":262735,"chameleon_lower":{"raw_a":842,"raw_b":770,"raw_average":806,"resistance":2692.308},"chameleon_upper":{"raw_a":1023,"raw_b":528,"raw_average":775,"resistance":3200},"smt_upper":{"raw_temp":146,"raw_soil":63}}
{"sample_n":222,"sample_ms":263925,"chameleon_lower":{"raw_a":842,"raw_b":770,"raw_average":806,"resistance":2692.308},"chameleon_upper":{"raw_a":1023,"raw_b":528,"raw_average":775,"resistance":3200},"smt_upper":{"raw_temp":145,"raw_soil":63}}
{"sample_n":223,"sample_ms":265115,"chameleon_lower":{"raw_a":842,"raw_b":770,"raw_average":806,"resistance":2692.308},"chameleon_upper":{"raw_a":1023,"raw_b":528,"raw_average":775,"resistance":3200},"smt_upper":{"raw_temp":146,"raw_soil":63}}
{"sample_n":224,"sample_ms":266305,"chameleon_lower":{"raw_a":842,"raw_b":770,"raw_average":806,"resistance":2692.308},"chameleon_upper":{"raw_a":1023,"raw_b":528,"raw_average":775,"resistance":3200},"smt_upper":{"raw_temp":146,"raw_soil":63}}
{"sample_n":225,"sample_ms":267493,"chameleon_lower":{"raw_a":842,"raw_b":770,"raw_average":806,"resistance":2692.308},"chameleon_upper":{"raw_a":1023,"raw_b":529,"raw_average":776,"resistance":3182.99},"smt_upper":{"raw_temp":147,"raw_soil":62}}
{"sample_n":226,"sample_ms":268687,"chameleon_lower":{"raw_a":842,"raw_b":770,"raw_average":806,"resistance":2692.308},"chameleon_upper":{"raw_a":1023,"raw_b":528,"raw_average":775,"resistance":3200},"smt_upper":{"raw_temp":147,"raw_soil":63}}
{"sample_n":227,"sample_ms":269877,"chameleon_lower":{"raw_a":842,"raw_b":770,"raw_average":806,"resistance":2692.308},"chameleon_upper":{"raw_a":1023,"raw_b":528,"raw_average":775,"resistance":3200},"smt_upper":{"raw_temp":147,"raw_soil":64}}
{"sample_n":228,"sample_ms":271065,"chameleon_lower":{"raw_a":842,"raw_b":770,"raw_average":806,"resistance":2692.308},"chameleon_upper":{"raw_a":1023,"raw_b":528,"raw_average":775,"resistance":3200},"smt_upper":{"raw_temp":146,"raw_soil":64}}
{"sample_n":229,"sample_ms":272254,"chameleon_lower":{"raw_a":842,"raw_b":770,"raw_average":806,"resistance":2692.308},"chameleon_upper":{"raw_a":1023,"raw_b":528,"raw_average":775,"resistance":3200},"smt_upper":{"raw_temp":143,"raw_soil":63}}
{"sample_n":230,"sample_ms":273444,"chameleon_lower":{"raw_a":842,"raw_b":770,"raw_average":806,"resistance":2692.308},"chameleon_upper":{"raw_a":1023,"raw_b":528,"raw_average":775,"resistance":3200},"smt_upper":{"raw_temp":146,"raw_soil":64}}
{"sample_n":231,"sample_ms":274634,"chameleon_lower":{"raw_a":842,"raw_b":770,"raw_average":806,"resistance":2692.308},"chameleon_upper":{"raw_a":1023,"raw_b":529,"raw_average":776,"resistance":3182.99},"smt_upper":{"raw_temp":144,"raw_soil":63}}
{"sample_n":232,"sample_ms":275826,"chameleon_lower":{"raw_a":842,"raw_b":770,"raw_average":806,"resistance":2692.308},"chameleon_upper":{"raw_a":1023,"raw_b":528,"raw_average":775,"resistance":3200},"smt_upper":{"raw_temp":147,"raw_soil":64}}
{"sample_n":233,"sample_ms":277016,"chameleon_lower":{"raw_a":842,"raw_b":770,"raw_average":806,"resistance":2692.308},"chameleon_upper":{"raw_a":1023,"raw_b":528,"raw_average":775,"resistance":3200},"smt_upper":{"raw_temp":147,"raw_soil":64}}
{"sample_n":234,"sample_ms":278206,"chameleon_lower":{"raw_a":842,"raw_b":770,"raw_average":806,"resistance":2692.308},"chameleon_upper":{"raw_a":1023,"raw_b":528,"raw_average":775,"resistance":3200},"smt_upper":{"raw_temp":147,"raw_soil":63}}
{"sample_n":235,"sample_ms":279394,"chameleon_lower":{"raw_a":842,"raw_b":770,"raw_average":806,"resistance":2692.308},"chameleon_upper":{"raw_a":1023,"raw_b":528,"raw_average":775,"resistance":3200},"smt_upper":{"raw_temp":146,"raw_soil":63}}
{"sample_n":236,"sample_ms":280584,"chameleon_lower":{"raw_a":842,"raw_b":770,"raw_average":806,"resistance":2692.308},"chameleon_upper":{"raw_a":1023,"raw_b":528,"raw_average":775,"resistance":3200},"smt_upper":{"raw_temp":146,"raw_soil":64}}
{"sample_n":237,"sample_ms":281774,"chameleon_lower":{"raw_a":842,"raw_b":770,"raw_average":806,"resistance":2692.308},"chameleon_upper":{"raw_a":1023,"raw_b":528,"raw_average":775,"resistance":3200},"smt_upper":{"raw_temp":146,"raw_soil":64}}
{"sample_n":238,"sample_ms":282963,"chameleon_lower":{"raw_a":842,"raw_b":770,"raw_average":806,"resistance":2692.308},"chameleon_upper":{"raw_a":1023,"raw_b":528,"raw_average":775,"resistance":3200},"smt_upper":{"raw_temp":146,"raw_soil":64}}
{"sample_n":239,"sample_ms":284153,"chameleon_lower":{"raw_a":842,"raw_b":770,"raw_average":806,"resistance":2692.308},"chameleon_upper":{"raw_a":1023,"raw_b":529,"raw_average":776,"resistance":3182.99},"smt_upper":{"raw_temp":146,"raw_soil":64}}
{"sample_n":240,"sample_ms":285345,"chameleon_lower":{"raw_a":842,"raw_b":770,"raw_average":806,"resistance":2692.308},"chameleon_upper":{"raw_a":1023,"raw_b":528,"raw_average":775,"resistance":3200},"smt_upper":{"raw_temp":147,"raw_soil":64}}
{"sample_n":241,"sample_ms":286535,"chameleon_lower":{"raw_a":842,"raw_b":770,"raw_average":806,"resistance":2692.308},"chameleon_upper":{"raw_a":1023,"raw_b":528,"raw_average":775,"resistance":3200},"smt_upper":{"raw_temp":147,"raw_soil":64}}
{"sample_n":242,"sample_ms":287725,"chameleon_lower":{"raw_a":842,"raw_b":770,"raw_average":806,"resistance":2692.308},"chameleon_upper":{"raw_a":1023,"raw_b":528,"raw_average":775,"resistance":3200},"smt_upper":{"raw_temp":145,"raw_soil":63}}
{"sample_n":243,"sample_ms":288913,"chameleon_lower":{"raw_a":842,"raw_b":770,"raw_average":806,"resistance":2692.308},"chameleon_upper":{"raw_a":1023,"raw_b":528,"raw_average":775,"resistance":3200},"smt_upper":{"raw_temp":146,"raw_soil":64}}
{"sample_n":244,"sample_ms":290103,"chameleon_lower":{"raw_a":842,"raw_b":770,"raw_average":806,"resistance":2692.308},"chameleon_upper":{"raw_a":1023,"raw_b":528,"raw_average":775,"resistance":3200},"smt_upper":{"raw_temp":144,"raw_soil":64}}
{"sample_n":245,"sample_ms":291293,"chameleon_lower":{"raw_a":842,"raw_b":770,"raw_average":806,"resistance":2692.308},"chameleon_upper":{"raw_a":1023,"raw_b":528,"raw_average":775,"resistance":3200},"smt_upper":{"raw_temp":146,"raw_soil":64}}
{"sample_n":246,"sample_ms":292483,"chameleon_lower":{"raw_a":842,"raw_b":770,"raw_average":806,"resistance":2692.308},"chameleon_upper":{"raw_a":1023,"raw_b":528,"raw_average":775,"resistance":3200},"smt_upper":{"raw_temp":146,"raw_soil":64}}
{"sample_n":247,"sample_ms":293672,"chameleon_lower":{"raw_a":842,"raw_b":770,"raw_average":806,"resistance":2692.308},"chameleon_upper":{"raw_a":1023,"raw_b":528,"raw_average":775,"resistance":3200},"smt_upper":{"raw_temp":146,"raw_soil":64}}
{"sample_n":248,"sample_ms":294860,"chameleon_lower":{"raw_a":842,"raw_b":770,"raw_average":806,"resistance":2692.308},"chameleon_upper":{"raw_a":1023,"raw_b":528,"raw_average":775,"resistance":3200},"smt_upper":{"raw_temp":146,"raw_soil":63}}
{"sample_n":249,"sample_ms":296050,"chameleon_lower":{"raw_a":842,"raw_b":770,"raw_average":806,"resistance":2692.308},"chameleon_upper":{"raw_a":1023,"raw_b":528,"raw_average":775,"resistance":3200},"smt_upper":{"raw_temp":147,"raw_soil":64}}
{"sample_n":250,"sample_ms":297240,"chameleon_lower":{"raw_a":842,"raw_b":770,"raw_average":806,"resistance":2692.308},"chameleon_upper":{"raw_a":1023,"raw_b":529,"raw_average":776,"resistance":3182.99},"smt_upper":{"raw_temp":147,"raw_soil":64}}
{"sample_n":251,"sample_ms":298432,"chameleon_lower":{"raw_a":842,"raw_b":770,"raw_average":806,"resistance":2692.308},"chameleon_upper":{"raw_a":1023,"raw_b":528,"raw_average":775,"resistance":3200},"smt_upper":{"raw_temp":146,"raw_soil":64}}
{"sample_n":252,"sample_ms":299622,"chameleon_lower":{"raw_a":842,"raw_b":770,"raw_average":806,"resistance":2692.308},"chameleon_upper":{"raw_a":1023,"raw_b":528,"raw_average":775,"resistance":3200},"smt_upper":{"raw_temp":146,"raw_soil":64}}
{"sample_n":253,"sample_ms":300812,"chameleon_lower":{"raw_a":842,"raw_b":770,"raw_average":806,"resistance":2692.308},"chameleon_upper":{"raw_a":1023,"raw_b":528,"raw_average":775,"resistance":3200},"smt_upper":{"raw_temp":146,"raw_soil":64}}
{"sample_n":254,"sample_ms":302002,"chameleon_lower":{"raw_a":842,"raw_b":770,"raw_average":806,"resistance":2692.308},"chameleon_upper":{"raw_a":1023,"raw_b":528,"raw_average":775,"resistance":3200},"smt_upper":{"raw_temp":146,"raw_soil":64}}
{"sample_n":255,"sample_ms":303192,"chameleon_lower":{"raw_a":842,"raw_b":770,"raw_average":806,"resistance":2692.308},"chameleon_upper":{"raw_a":1023,"raw_b":528,"raw_average":775,"resistance":3200},"smt_upper":{"raw_temp":144,"raw_soil":63}}
{"sample_n":256,"sample_ms":304379,"chameleon_lower":{"raw_a":842,"raw_b":770,"raw_average":806,"resistance":2692.308},"chameleon_upper":{"raw_a":1023,"raw_b":528,"raw_average":775,"resistance":3200},"smt_upper":{"raw_temp":147,"raw_soil":64}}
{"sample_n":257,"sample_ms":305569,"chameleon_lower":{"raw_a":842,"raw_b":770,"raw_average":806,"resistance":2692.308},"chameleon_upper":{"raw_a":1023,"raw_b":528,"raw_average":775,"resistance":3200},"smt_upper":{"raw_temp":145,"raw_soil":63}}
{"sample_n":258,"sample_ms":306759,"chameleon_lower":{"raw_a":842,"raw_b":770,"raw_average":806,"resistance":2692.308},"chameleon_upper":{"raw_a":1023,"raw_b":529,"raw_average":776,"resistance":3182.99},"smt_upper":{"raw_temp":147,"raw_soil":63}}
{"sample_n":259,"sample_ms":307951,"chameleon_lower":{"raw_a":842,"raw_b":770,"raw_average":806,"resistance":2692.308},"chameleon_upper":{"raw_a":1023,"raw_b":529,"raw_average":776,"resistance":3182.99},"smt_upper":{"raw_temp":146,"raw_soil":63}}
{"sample_n":260,"sample_ms":309145,"chameleon_lower":{"raw_a":842,"raw_b":770,"raw_average":806,"resistance":2692.308},"chameleon_upper":{"raw_a":1023,"raw_b":528,"raw_average":775,"resistance":3200},"smt_upper":{"raw_temp":147,"raw_soil":63}}
{"sample_n":261,"sample_ms":310335,"chameleon_lower":{"raw_a":842,"raw_b":770,"raw_average":806,"resistance":2692.308},"chameleon_upper":{"raw_a":1023,"raw_b":528,"raw_average":775,"resistance":3200},"smt_upper":{"raw_temp":147,"raw_soil":63}}
{"sample_n":262,"sample_ms":311523,"chameleon_lower":{"raw_a":842,"raw_b":770,"raw_average":806,"resistance":2692.308},"chameleon_upper":{"raw_a":1023,"raw_b":528,"raw_average":775,"resistance":3200},"smt_upper":{"raw_temp":147,"raw_soil":63}}
{"sample_n":263,"sample_ms":312713,"chameleon_lower":{"raw_a":842,"raw_b":770,"raw_average":806,"resistance":2692.308},"chameleon_upper":{"raw_a":1023,"raw_b":528,"raw_average":775,"resistance":3200},"smt_upper":{"raw_temp":147,"raw_soil":63}}
{"sample_n":264,"sample_ms":313903,"chameleon_lower":{"raw_a":842,"raw_b":770,"raw_average":806,"resistance":2692.308},"chameleon_upper":{"raw_a":1023,"raw_b":528,"raw_average":775,"resistance":3200},"smt_upper":{"raw_temp":147,"raw_soil":64}}
{"sample_n":265,"sample_ms":315092,"chameleon_lower":{"raw_a":842,"raw_b":770,"raw_average":806,"resistance":2692.308},"chameleon_upper":{"raw_a":1023,"raw_b":528,"raw_average":775,"resistance":3200},"smt_upper":{"raw_temp":147,"raw_soil":64}}
{"sample_n":266,"sample_ms":316282,"chameleon_lower":{"raw_a":842,"raw_b":770,"raw_average":806,"resistance":2692.308},"chameleon_upper":{"raw_a":1023,"raw_b":528,"raw_average":775,"resistance":3200},"smt_upper":{"raw_temp":146,"raw_soil":64}}
{"sample_n":267,"sample_ms":317470,"chameleon_lower":{"raw_a":842,"raw_b":770,"raw_average":806,"resistance":2692.308},"chameleon_upper":{"raw_a":1023,"raw_b":528,"raw_average":775,"resistance":3200},"smt_upper":{"raw_temp":146,"raw_soil":64}}
{"sample_n":268,"sample_ms":318660,"chameleon_lower":{"raw_a":842,"raw_b":770,"raw_average":806,"resistance":2692.308},"chameleon_upper":{"raw_a":1023,"raw_b":528,"raw_average":775,"resistance":3200},"smt_upper":{"raw_temp":144,"raw_soil":63}}
{"sample_n":269,"sample_ms":319850,"chameleon_lower":{"raw_a":842,"raw_b":770,"raw_average":806,"resistance":2692.308},"chameleon_upper":{"raw_a":1023,"raw_b":528,"raw_average":775,"resistance":3200},"smt_upper":{"raw_temp":146,"raw_soil":64}}
{"sample_n":270,"sample_ms":321040,"chameleon_lower":{"raw_a":842,"raw_b":770,"raw_average":806,"resistance":2692.308},"chameleon_upper":{"raw_a":1023,"raw_b":528,"raw_average":775,"resistance":3200},"smt_upper":{"raw_temp":145,"raw_soil":63}}
{"sample_n":271,"sample_ms":322230,"chameleon_lower":{"raw_a":842,"raw_b":770,"raw_average":806,"resistance":2692.308},"chameleon_upper":{"raw_a":1023,"raw_b":528,"raw_average":775,"resistance":3200},"smt_upper":{"raw_temp":147,"raw_soil":63}}
{"sample_n":272,"sample_ms":323418,"chameleon_lower":{"raw_a":842,"raw_b":770,"raw_average":806,"resistance":2692.308},"chameleon_upper":{"raw_a":1023,"raw_b":528,"raw_average":775,"resistance":3200},"smt_upper":{"raw_temp":147,"raw_soil":63}}
{"sample_n":273,"sample_ms":324608,"chameleon_lower":{"raw_a":842,"raw_b":770,"raw_average":806,"resistance":2692.308},"chameleon_upper":{"raw_a":1023,"raw_b":528,"raw_average":775,"resistance":3200},"smt_upper":{"raw_temp":147,"raw_soil":64}}
{"sample_n":274,"sample_ms":325797,"chameleon_lower":{"raw_a":842,"raw_b":770,"raw_average":806,"resistance":2692.308},"chameleon_upper":{"raw_a":1023,"raw_b":528,"raw_average":775,"resistance":3200},"smt_upper":{"raw_temp":147,"raw_soil":64}}
{"sample_n":275,"sample_ms":326987,"chameleon_lower":{"raw_a":842,"raw_b":770,"raw_average":806,"resistance":2692.308},"chameleon_upper":{"raw_a":1023,"raw_b":528,"raw_average":775,"resistance":3200},"smt_upper":{"raw_temp":146,"raw_soil":64}}
{"sample_n":276,"sample_ms":328177,"chameleon_lower":{"raw_a":842,"raw_b":770,"raw_average":806,"resistance":2692.308},"chameleon_upper":{"raw_a":1023,"raw_b":529,"raw_average":776,"resistance":3182.99},"smt_upper":{"raw_temp":146,"raw_soil":64}}
{"sample_n":277,"sample_ms":329369,"chameleon_lower":{"raw_a":842,"raw_b":770,"raw_average":806,"resistance":2692.308},"chameleon_upper":{"raw_a":1023,"raw_b":528,"raw_average":775,"resistance":3200},"smt_upper":{"raw_temp":147,"raw_soil":64}}
{"sample_n":278,"sample_ms":330559,"chameleon_lower":{"raw_a":842,"raw_b":770,"raw_average":806,"resistance":2692.308},"chameleon_upper":{"raw_a":1023,"raw_b":528,"raw_average":775,"resistance":3200},"smt_upper":{"raw_temp":147,"raw_soil":64}}
{"sample_n":279,"sample_ms":331749,"chameleon_lower":{"raw_a":842,"raw_b":770,"raw_average":806,"resistance":2692.308},"chameleon_upper":{"raw_a":1023,"raw_b":528,"raw_average":775,"resistance":3200},"smt_upper":{"raw_temp":147,"raw_soil":64}}
{"sample_n":280,"sample_ms":332937,"chameleon_lower":{"raw_a":842,"raw_b":770,"raw_average":806,"resistance":2692.308},"chameleon_upper":{"raw_a":1023,"raw_b":528,"raw_average":775,"resistance":3200},"smt_upper":{"raw_temp":147,"raw_soil":64}}
{"sample_n":281,"sample_ms":334127,"chameleon_lower":{"raw_a":842,"raw_b":770,"raw_average":806,"resistance":2692.308},"chameleon_upper":{"raw_a":1023,"raw_b":528,"raw_average":775,"resistance":3200},"smt_upper":{"raw_temp":145,"raw_soil":64}}
{"sample_n":282,"sample_ms":335316,"chameleon_lower":{"raw_a":842,"raw_b":770,"raw_average":806,"resistance":2692.308},"chameleon_upper":{"raw_a":1023,"raw_b":528,"raw_average":775,"resistance":3200},"smt_upper":{"raw_temp":147,"raw_soil":64}}
{"sample_n":283,"sample_ms":336506,"chameleon_lower":{"raw_a":842,"raw_b":770,"raw_average":806,"resistance":2692.308},"chameleon_upper":{"raw_a":1023,"raw_b":528,"raw_average":775,"resistance":3200},"smt_upper":{"raw_temp":144,"raw_soil":63}}
{"sample_n":284,"sample_ms":337696,"chameleon_lower":{"raw_a":842,"raw_b":770,"raw_average":806,"resistance":2692.308},"chameleon_upper":{"raw_a":1023,"raw_b":528,"raw_average":775,"resistance":3200},"smt_upper":{"raw_temp":145,"raw_soil":63}}
{"sample_n":285,"sample_ms":338884,"chameleon_lower":{"raw_a":842,"raw_b":770,"raw_average":806,"resistance":2692.308},"chameleon_upper":{"raw_a":1023,"raw_b":528,"raw_average":775,"resistance":3200},"smt_upper":{"raw_temp":146,"raw_soil":63}}
{"sample_n":286,"sample_ms":340074,"chameleon_lower":{"raw_a":842,"raw_b":770,"raw_average":806,"resistance":2692.308},"chameleon_upper":{"raw_a":1023,"raw_b":528,"raw_average":775,"resistance":3200},"smt_upper":{"raw_temp":146,"raw_soil":64}}
{"sample_n":287,"sample_ms":341264,"chameleon_lower":{"raw_a":842,"raw_b":770,"raw_average":806,"resistance":2692.308},"chameleon_upper":{"raw_a":1023,"raw_b":528,"raw_average":775,"resistance":3200},"smt_upper":{"raw_temp":147,"raw_soil":64}}
{"sample_n":288,"sample_ms":342454,"chameleon_lower":{"raw_a":842,"raw_b":770,"raw_average":806,"resistance":2692.308},"chameleon_upper":{"raw_a":1023,"raw_b":528,"raw_average":775,"resistance":3200},"smt_upper":{"raw_temp":147,"raw_soil":64}}
